{
  "info": {
    "name": "掼蛋游戏接口测试",
    "description": "掼蛋游戏后端API接口测试集合",
    "schema": "https://schema.getpostman.com/json/collection/v2.1.0/collection.json",
    "_exporter_id": "guandan-backend"
  },
  "item": [
    {
      "name": "用户认证",
      "item": [
        {
          "name": "用户注册",
          "request": {
            "method": "POST",
            "header": [
              {
                "key": "Content-Type",
                "value": "application/json"
              }
            ],
            "body": {
              "mode": "raw",
              "raw": "{\n  \"username\": \"123456\",\n  \"password\": \"test123\",\n  \"nickname\": \"测试用户\"\n}"
            },
            "url": {
              "raw": "{{baseUrl}}/user/register",
              "host": ["{{baseUrl}}"],
              "path": ["user", "register"]
            }
          },
          "response": []
        },
        {
          "name": "用户登录",
          "event": [
            {
              "listen": "test",
              "script": {
                "exec": [
                  "if (pm.response.code === 200) {",
                  "    var jsonData = pm.response.json();",
                  "    if (jsonData.data && jsonData.data.token) {",
                  "        pm.environment.set(\"token\", jsonData.data.token);",
                  "        pm.environment.set(\"userId\", jsonData.data.userId);",
                  "    }",
                  "}"
                ]
              }
            }
          ],
          "request": {
            "method": "POST",
            "header": [
              {
                "key": "Content-Type",
                "value": "application/json"
              }
            ],
            "body": {
              "mode": "raw",
              "raw": "{\n  \"username\": \"123456\",\n  \"password\": \"test123\"\n}"
            },
            "url": {
              "raw": "{{baseUrl}}/user/login",
              "host": ["{{baseUrl}}"],
              "path": ["user", "login"]
            }
          },
          "response": []
        },
        {
          "name": "用户退出登录",
          "request": {
            "method": "POST",
            "header": [
              {
                "key": "Authorization",
                "value": "Bearer {{token}}"
              }
            ],
            "url": {
              "raw": "{{baseUrl}}/user/logout",
              "host": ["{{baseUrl}}"],
              "path": ["user", "logout"]
            }
          },
          "response": []
        },
        {
          "name": "修改密码",
          "request": {
            "method": "POST",
            "header": [
              {
                "key": "Authorization",
                "value": "Bearer {{token}}"
              },
              {
                "key": "Content-Type",
                "value": "application/json"
              }
            ],
            "body": {
              "mode": "raw",
              "raw": "{\n  \"oldPassword\": \"test123\",\n  \"newPassword\": \"newpass123\"\n}"
            },
            "url": {
              "raw": "{{baseUrl}}/user/change-password",
              "host": ["{{baseUrl}}"],
              "path": ["user", "change-password"]
            }
          },
          "response": []
        }
      ]
    },
    {
      "name": "房间管理",
      "item": [
        {
          "name": "创建房间",
          "request": {
            "method": "POST",
            "header": [
              {
                "key": "Authorization",
                "value": "Bearer {{token}}"
              },
              {
                "key": "Content-Type",
                "value": "application/json"
              }
            ],
            "body": {
              "mode": "raw",
              "raw": "{\n  \"roomType\": 2,\n  \"gameMode\": 1,\n  \"gameRounds\": 0,\n  \"needPassword\": 0,\n  \"isPrivate\": 0\n}"
            },
            "url": {
              "raw": "{{baseUrl}}/room/create",
              "host": ["{{baseUrl}}"],
              "path": ["room", "create"]
            }
          },
          "response": []
        },
        {
          "name": "获取房间列表",
          "request": {
            "method": "GET",
            "header": [
              {
                "key": "Authorization",
                "value": "Bearer {{token}}"
              }
            ],
            "url": {
              "raw": "{{baseUrl}}/room/list",
              "host": ["{{baseUrl}}"],
              "path": ["room", "list"]
            }
          },
          "response": []
        },
        {
          "name": "加入房间",
          "request": {
            "method": "POST",
            "header": [
              {
                "key": "Authorization",
                "value": "Bearer {{token}}"
              },
              {
                "key": "Content-Type",
                "value": "application/json"
              }
            ],
            "body": {
              "mode": "raw",
              "raw": "{\n  \"roomNo\": \"123456\"\n}"
            },
            "url": {
              "raw": "{{baseUrl}}/room/join",
              "host": ["{{baseUrl}}"],
              "path": ["room", "join"]
            }
          },
          "response": []
        },
        {
          "name": "获取房间详情",
          "request": {
            "method": "GET",
            "header": [
              {
                "key": "Authorization",
                "value": "Bearer {{token}}"
              }
            ],
            "url": {
              "raw": "{{baseUrl}}/room/123456/detail",
              "host": ["{{baseUrl}}"],
              "path": ["room", "123456", "detail"]
            }
          },
          "response": []
        },
        {
          "name": "退出房间",
          "request": {
            "method": "POST",
            "header": [
              {
                "key": "Authorization",
                "value": "Bearer {{token}}"
              },
              {
                "key": "Content-Type",
                "value": "application/json"
              }
            ],
            "body": {
              "mode": "raw",
              "raw": "{\n  \"roomId\": 1\n}"
            },
            "url": {
              "raw": "{{baseUrl}}/room/exit",
              "host": ["{{baseUrl}}"],
              "path": ["room", "exit"]
            }
          },
          "response": []
        },
        {
          "name": "解散房间",
          "request": {
            "method": "POST",
            "header": [
              {
                "key": "Authorization",
                "value": "Bearer {{token}}"
              }
            ],
            "url": {
              "raw": "{{baseUrl}}/room/123456/dissolve",
              "host": ["{{baseUrl}}"],
              "path": ["room", "123456", "dissolve"]
            }
          },
          "response": []
        }
      ]
    },
    {
      "name": "游戏控制",
      "item": [
        {
          "name": "准备游戏",
          "request": {
            "method": "POST",
            "header": [
              {
                "key": "Authorization",
                "value": "Bearer {{token}}"
              },
              {
                "key": "Content-Type",
                "value": "application/json"
              }
            ],
            "body": {
              "mode": "raw",
              "raw": "{\n  \"roomNo\": \"123456\"\n}"
            },
            "url": {
              "raw": "{{baseUrl}}/game/ready",
              "host": ["{{baseUrl}}"],
              "path": ["game", "ready"]
            }
          },
          "response": []
        },
        {
          "name": "开始游戏",
          "request": {
            "method": "POST",
            "header": [
              {
                "key": "Authorization",
                "value": "Bearer {{token}}"
              },
              {
                "key": "Content-Type",
                "value": "application/json"
              }
            ],
            "body": {
              "mode": "raw",
              "raw": "{\n  \"roomNo\": \"123456\"\n}"
            },
            "url": {
              "raw": "{{baseUrl}}/game/start",
              "host": ["{{baseUrl}}"],
              "path": ["game", "start"]
            }
          },
          "response": []
        },
        {
          "name": "获取游戏状态",
          "request": {
            "method": "GET",
            "header": [
              {
                "key": "Authorization",
                "value": "Bearer {{token}}"
              }
            ],
            "url": {
              "raw": "{{baseUrl}}/game/1/state",
              "host": ["{{baseUrl}}"],
              "path": ["game", "1", "state"]
            }
          },
          "response": []
        }
      ]
    },
    {
      "name": "玩家信息",
      "item": [
        {
          "name": "获取玩家统计信息",
          "request": {
            "method": "GET",
            "header": [
              {
                "key": "Authorization",
                "value": "Bearer {{token}}"
              }
            ],
            "url": {
              "raw": "{{baseUrl}}/player/statistics",
              "host": ["{{baseUrl}}"],
              "path": ["player", "statistics"]
            }
          },
          "response": []
        },
        {
          "name": "获取玩家战绩记录",
          "request": {
            "method": "GET",
            "header": [
              {
                "key": "Authorization",
                "value": "Bearer {{token}}"
              }
            ],
            "url": {
              "raw": "{{baseUrl}}/player/records?page=1&pageSize=20",
              "host": ["{{baseUrl}}"],
              "path": ["player", "records"],
              "query": [
                {
                  "key": "page",
                  "value": "1"
                },
                {
                  "key": "pageSize",
                  "value": "20"
                }
              ]
            }
          },
          "response": []
        }
      ]
    },
    {
      "name": "快速匹配",
      "item": [
        {
          "name": "加入匹配队列",
          "request": {
            "method": "POST",
            "header": [
              {
                "key": "Authorization",
                "value": "Bearer {{token}}"
              }
            ],
            "url": {
              "raw": "{{baseUrl}}/match/join",
              "host": ["{{baseUrl}}"],
              "path": ["match", "join"]
            }
          },
          "response": []
        },
        {
          "name": "取消匹配",
          "request": {
            "method": "POST",
            "header": [
              {
                "key": "Authorization",
                "value": "Bearer {{token}}"
              }
            ],
            "url": {
              "raw": "{{baseUrl}}/match/cancel",
              "host": ["{{baseUrl}}"],
              "path": ["match", "cancel"]
            }
          },
          "response": []
        },
        {
          "name": "查询匹配状态",
          "request": {
            "method": "POST",
            "header": [
              {
                "key": "Authorization",
                "value": "Bearer {{token}}"
              }
            ],
            "url": {
              "raw": "{{baseUrl}}/match/status",
              "host": ["{{baseUrl}}"],
              "path": ["match", "status"]
            }
          },
          "response": []
        }
      ]
    }
  ],
  "variable": [
    {
      "key": "baseUrl",
      "value": "http://localhost:8081/api",
      "type": "string"
    },
    {
      "key": "token",
      "value": "",
      "type": "string"
    },
    {
      "key": "userId",
      "value": "",
      "type": "string"
    }
  ]
}
